{
  "token_acc": 0.9996638134,
  "token_p": 0.9978112128,
  "token_r": 0.9979488063,
  "token_f": 0.9978800048,
  "pos_acc": 0.9810266317,
  "morph_acc": 0.9775079343,
  "morph_micro_p": 0.9936572726,
  "morph_micro_r": 0.9866686535,
  "morph_micro_f": 0.9901506315,
  "morph_per_feat": {
    "Mood": {
      "p": 0.9900818249,
      "r": 0.9825295276,
      "f": 0.986291219
    },
    "Number": {
      "p": 0.9978267169,
      "r": 0.9886946847,
      "f": 0.9932397108
    },
    "Person": {
      "p": 0.994828816,
      "r": 0.9865605659,
      "f": 0.9906774394
    },
    "Tense": {
      "p": 0.9869281046,
      "r": 0.9815474942,
      "f": 0.9842304458
    },
    "VerbForm": {
      "p": 0.9895652174,
      "r": 0.9853470095,
      "f": 0.9874516086
    },
    "Gender": {
      "p": 0.9910019455,
      "r": 0.9811711451,
      "f": 0.9860620433
    },
    "NumType": {
      "p": 0.9638439581,
      "r": 0.9547596607,
      "f": 0.959280303
    },
    "Definite": {
      "p": 0.9924856343,
      "r": 0.9923394225,
      "f": 0.992412523
    },
    "PronType": {
      "p": 0.994993636,
      "r": 0.9903716216,
      "f": 0.9926772487
    },
    "PunctType": {
      "p": 0.9998171846,
      "r": 0.9972647702,
      "f": 0.9985393464
    },
    "NumForm": {
      "p": 0.9763888889,
      "r": 0.9873595506,
      "f": 0.9818435754
    },
    "Polarity": {
      "p": 0.9966887417,
      "r": 0.9741100324,
      "f": 0.9852700491
    },
    "Case": {
      "p": 0.9983179142,
      "r": 0.9883430475,
      "f": 0.9933054393
    },
    "PrepCase": {
      "p": 0.9986168741,
      "r": 0.9972375691,
      "f": 0.997926745
    },
    "Reflex": {
      "p": 0.998603352,
      "r": 0.9972105997,
      "f": 0.9979064899
    },
    "Degree": {
      "p": 1.0,
      "r": 1.0,
      "f": 1.0
    },
    "Poss": {
      "p": 1.0,
      "r": 0.9943019943,
      "f": 0.9971428571
    },
    "AdvType": {
      "p": 0.9344262295,
      "r": 0.8321167883,
      "f": 0.8803088803
    },
    "PunctSide": {
      "p": 0.9975786925,
      "r": 0.9951690821,
      "f": 0.9963724305
    },
    "Number[psor]": {
      "p": 1.0,
      "r": 1.0,
      "f": 1.0
    },
    "Polite": {
      "p": 1.0,
      "r": 1.0,
      "f": 1.0
    }
  },
  "sents_p": 0.9900584795,
  "sents_r": 0.9906377999,
  "sents_f": 0.990348055,
  "dep_uas": 0.9141207189,
  "dep_las": 0.8816511663,
  "dep_las_per_type": {
    "nsubj": {
      "p": 0.8824137931,
      "r": 0.8815018946,
      "f": 0.8819576081
    },
    "flat": {
      "p": 0.8592910849,
      "r": 0.8743169399,
      "f": 0.8667388949
    },
    "case": {
      "p": 0.9685162847,
      "r": 0.9653721294,
      "f": 0.9669416511
    },
    "aux": {
      "p": 0.9593716143,
      "r": 0.9455419114,
      "f": 0.9524065609
    },
    "root": {
      "p": 0.9380116959,
      "r": 0.9385605617,
      "f": 0.9382860486
    },
    "nummod": {
      "p": 0.9263913824,
      "r": 0.9084507042,
      "f": 0.9173333333
    },
    "obj": {
      "p": 0.8331702544,
      "r": 0.8441140025,
      "f": 0.8386064262
    },
    "det": {
      "p": 0.9790104948,
      "r": 0.9815331759,
      "f": 0.9802702123
    },
    "nmod": {
      "p": 0.8233001299,
      "r": 0.8143071321,
      "f": 0.8187789383
    },
    "amod": {
      "p": 0.9160625715,
      "r": 0.9060377358,
      "f": 0.9110225764
    },
    "obl": {
      "p": 0.7054400708,
      "r": 0.7263205829,
      "f": 0.7157280682
    },
    "cc": {
      "p": 0.9166666667,
      "r": 0.9149338374,
      "f": 0.9157994324
    },
    "fixed": {
      "p": 0.9044265594,
      "r": 0.893638171,
      "f": 0.899
    },
    "conj": {
      "p": 0.6760233918,
      "r": 0.6620847652,
      "f": 0.6689814815
    },
    "advmod": {
      "p": 0.8438228438,
      "r": 0.8428405122,
      "f": 0.843331392
    },
    "advcl": {
      "p": 0.6260454002,
      "r": 0.655,
      "f": 0.6401954795
    },
    "compound": {
      "p": 0.875,
      "r": 0.8592057762,
      "f": 0.8670309654
    },
    "mark": {
      "p": 0.8839127873,
      "r": 0.877706261,
      "f": 0.8807985907
    },
    "cop": {
      "p": 0.841889117,
      "r": 0.8874458874,
      "f": 0.8640674394
    },
    "ccomp": {
      "p": 0.7935034803,
      "r": 0.7651006711,
      "f": 0.7790432802
    },
    "acl": {
      "p": 0.7359924027,
      "r": 0.746628131,
      "f": 0.7412721186
    },
    "expl:pass": {
      "p": 0.724137931,
      "r": 0.4565217391,
      "f": 0.56
    },
    "appos": {
      "p": 0.677581864,
      "r": 0.6844783715,
      "f": 0.6810126582
    },
    "xcomp": {
      "p": 0.7745535714,
      "r": 0.8145539906,
      "f": 0.7940503432
    },
    "iobj": {
      "p": 0.8125,
      "r": 0.486631016,
      "f": 0.6086956522
    },
    "dep": {
      "p": 0.0,
      "r": 0.0,
      "f": 0.0
    },
    "csubj": {
      "p": 0.6947368421,
      "r": 0.6226415094,
      "f": 0.6567164179
    },
    "parataxis": {
      "p": 0.6,
      "r": 0.4411764706,
      "f": 0.5084745763
    },
    "nsubj:pass": {
      "p": 0.0,
      "r": 0.0,
      "f": 0.0
    },
    "orphan": {
      "p": 0.0,
      "r": 0.0,
      "f": 0.0
    }
  },
  "tag_acc": 0.9810266317,
  "lemma_acc": 0.974386827,
  "ents_p": 0.7934394284,
  "ents_r": 0.7903591071,
  "ents_f": 0.7918962723,
  "ents_per_type": {
    "ORG": {
      "p": 0.8296500921,
      "r": 0.8124436429,
      "f": 0.8209567198
    },
    "LOC": {
      "p": 0.8166127292,
      "r": 0.8122317597,
      "f": 0.8144163529
    },
    "MISC": {
      "p": 0.6214689266,
      "r": 0.5744125326,
      "f": 0.5970149254
    },
    "PER": {
      "p": 0.7935393258,
      "r": 0.8470764618,
      "f": 0.8194343727
    }
  },
  "speed": 6524.1219691032
}