{
  "token_acc": 0.9998017682,
  "token_p": 0.9991808044,
  "token_r": 0.9990356034,
  "token_f": 0.9991081986,
  "tag_acc": 0.97472595,
  "pos_acc": 0.9809702528,
  "morph_acc": 0.9077032867,
  "morph_micro_p": 0.9507596845,
  "morph_micro_r": 0.9521234893,
  "morph_micro_f": 0.9514410982,
  "morph_per_feat": {
    "Case": {
      "p": 0.9109688525,
      "r": 0.9138447425,
      "f": 0.9124045313
    },
    "Definite": {
      "p": 0.9962401732,
      "r": 0.9972627737,
      "f": 0.9967512112
    },
    "Gender": {
      "p": 0.9266149727,
      "r": 0.9375987808,
      "f": 0.9320745188
    },
    "Number": {
      "p": 0.97021621,
      "r": 0.9719017836,
      "f": 0.9710582653
    },
    "PronType": {
      "p": 0.993091116,
      "r": 0.9906754237,
      "f": 0.991881799
    },
    "Degree": {
      "p": 0.9760942169,
      "r": 0.9692791063,
      "f": 0.9726747241
    },
    "VerbForm": {
      "p": 0.9542189343,
      "r": 0.9556533877,
      "f": 0.9549356223
    },
    "Mood": {
      "p": 0.9665495902,
      "r": 0.9582158846,
      "f": 0.9623646961
    },
    "Person": {
      "p": 0.9759388039,
      "r": 0.969198895,
      "f": 0.9725571726
    },
    "Tense": {
      "p": 0.967114094,
      "r": 0.9589086674,
      "f": 0.9629939019
    },
    "Reflex": {
      "p": 0.9976247031,
      "r": 0.9952606635,
      "f": 0.9964412811
    },
    "Poss": {
      "p": 0.9979338843,
      "r": 0.9979338843,
      "f": 0.9979338843
    },
    "Foreign": {
      "p": 0.7142857143,
      "r": 0.1256281407,
      "f": 0.2136752137
    }
  },
  "sents_p": 0.9416823998,
  "sents_r": 0.9534110517,
  "sents_f": 0.939240034,
  "dep_uas": 0.9200291486,
  "dep_las": 0.8991676182,
  "dep_las_per_type": {
    "cp": {
      "p": 0.9545454545,
      "r": 0.9597806216,
      "f": 0.9571558797
    },
    "nk": {
      "p": 0.975147977,
      "r": 0.9795162079,
      "f": 0.9773272114
    },
    "sb": {
      "p": 0.9076655052,
      "r": 0.9138747588,
      "f": 0.910759549
    },
    "ag": {
      "p": 0.9512987013,
      "r": 0.9718076285,
      "f": 0.9614438064
    },
    "mnr": {
      "p": 0.7326022775,
      "r": 0.7301387137,
      "f": 0.7313684211
    },
    "mo": {
      "p": 0.7820550785,
      "r": 0.8014363747,
      "f": 0.791627117
    },
    "oc": {
      "p": 0.9151335312,
      "r": 0.9283564118,
      "f": 0.9216975493
    },
    "root": {
      "p": 0.9672612802,
      "r": 0.9524695185,
      "f": 0.9598084132
    },
    "rc": {
      "p": 0.6837416481,
      "r": 0.6883408072,
      "f": 0.6860335196
    },
    "op": {
      "p": 0.7111913357,
      "r": 0.5871833085,
      "f": 0.6432653061
    },
    "pm": {
      "p": 0.9942196532,
      "r": 0.9885057471,
      "f": 0.9913544669
    },
    "nmc": {
      "p": 0.9841017488,
      "r": 0.9778830964,
      "f": 0.9809825674
    },
    "oa": {
      "p": 0.8442649435,
      "r": 0.8618073879,
      "f": 0.8529459768
    },
    "pd": {
      "p": 0.8108108108,
      "r": 0.75,
      "f": 0.7792207792
    },
    "ep": {
      "p": 0.8712121212,
      "r": 0.8646616541,
      "f": 0.8679245283
    },
    "cd": {
      "p": 0.8647249191,
      "r": 0.8630490956,
      "f": 0.8638861946
    },
    "cj": {
      "p": 0.8540540541,
      "r": 0.8570019724,
      "f": 0.8555254738
    },
    "svp": {
      "p": 0.9407114625,
      "r": 0.9153846154,
      "f": 0.9278752437
    },
    "pg": {
      "p": 0.8778877888,
      "r": 0.847133758,
      "f": 0.8622366288
    },
    "da": {
      "p": 0.7909407666,
      "r": 0.5776081425,
      "f": 0.6676470588
    },
    "app": {
      "p": 0.6326530612,
      "r": 0.6262626263,
      "f": 0.6294416244
    },
    "ac": {
      "p": 0.9326923077,
      "r": 0.8290598291,
      "f": 0.8778280543
    },
    "pnc": {
      "p": 0.8322147651,
      "r": 0.8051948052,
      "f": 0.8184818482
    },
    "ju": {
      "p": 0.9126213592,
      "r": 0.9494949495,
      "f": 0.9306930693
    },
    "ng": {
      "p": 0.7915567282,
      "r": 0.7978723404,
      "f": 0.7947019868
    },
    "re": {
      "p": 0.7210884354,
      "r": 0.630952381,
      "f": 0.673015873
    },
    "cm": {
      "p": 0.9004975124,
      "r": 0.8701923077,
      "f": 0.8850855746
    },
    "cc": {
      "p": 0.72,
      "r": 0.6331658291,
      "f": 0.6737967914
    },
    "sbp": {
      "p": 0.8260869565,
      "r": 0.8189655172,
      "f": 0.8225108225
    },
    "uc": {
      "p": 0.8,
      "r": 0.2666666667,
      "f": 0.4
    },
    "par": {
      "p": 0.5303030303,
      "r": 0.3431372549,
      "f": 0.4166666667
    },
    "cvc": {
      "p": 0.8846153846,
      "r": 0.582278481,
      "f": 0.7022900763
    },
    "ams": {
      "p": 0.7971014493,
      "r": 0.8088235294,
      "f": 0.802919708
    },
    "rs": {
      "p": 0.5833333333,
      "r": 0.2258064516,
      "f": 0.3255813953
    },
    "dep": {
      "p": 0.0,
      "r": 0.0,
      "f": 0.0
    },
    "ph": {
      "p": 0.8333333333,
      "r": 0.7142857143,
      "f": 0.7692307692
    },
    "dm": {
      "p": 0.0,
      "r": 0.0,
      "f": 0.0
    },
    "oa2": {
      "p": 0.0,
      "r": 0.0,
      "f": 0.0
    },
    "vo": {
      "p": 0.0,
      "r": 0.0,
      "f": 0.0
    },
    "og": {
      "p": 0.5,
      "r": 0.2857142857,
      "f": 0.3636363636
    },
    "adc": {
      "p": 1.0,
      "r": 1.0,
      "f": 1.0
    }
  },
  "lemma_acc": 0.9749187303,
  "speed": 11385.9567219454,
  "ents_p": 0.8292955564,
  "ents_r": 0.8124274918,
  "ents_f": 0.8207748677,
  "ents_per_type": {
    "LOC": {
      "p": 0.846763069,
      "r": 0.8526643516,
      "f": 0.8497034642
    },
    "PER": {
      "p": 0.8576356946,
      "r": 0.8814352574,
      "f": 0.8693726249
    },
    "MISC": {
      "p": 0.7855520863,
      "r": 0.6910543729,
      "f": 0.735279466
    },
    "ORG": {
      "p": 0.7704576421,
      "r": 0.7225646422,
      "f": 0.745742989
    }
  }
}