{
  "token_acc": 0.9999808396,
  "token_p": 0.9989078786,
  "token_r": 0.9995398685,
  "token_f": 0.9992237736,
  "pos_acc": 0.9807541166,
  "morph_acc": 0.9768502986,
  "morph_micro_p": 0.9927238747,
  "morph_micro_r": 0.9853269139,
  "morph_micro_f": 0.9890115637,
  "morph_per_feat": {
    "Definite": {
      "p": 0.9974366277,
      "r": 0.9991440799,
      "f": 0.9982896237
    },
    "Gender": {
      "p": 0.9931395653,
      "r": 0.9852964098,
      "f": 0.9892024412
    },
    "Number": {
      "p": 0.9979427862,
      "r": 0.9891505078,
      "f": 0.9935271954
    },
    "PronType": {
      "p": 0.9964447007,
      "r": 0.9904489016,
      "f": 0.9934377545
    },
    "PunctType": {
      "p": 0.9995215311,
      "r": 0.9990435198,
      "f": 0.9992824683
    },
    "VerbForm": {
      "p": 0.9871190701,
      "r": 0.981875,
      "f": 0.9844900517
    },
    "Mood": {
      "p": 0.9741336012,
      "r": 0.9642058166,
      "f": 0.9691442848
    },
    "Person": {
      "p": 0.9904845815,
      "r": 0.9784160139,
      "f": 0.98441331
    },
    "Tense": {
      "p": 0.9807295251,
      "r": 0.974247949,
      "f": 0.9774779925
    },
    "NumForm": {
      "p": 0.9850746269,
      "r": 0.9627228525,
      "f": 0.9737704918
    },
    "NumType": {
      "p": 0.9818024263,
      "r": 0.952901598,
      "f": 0.9671361502
    },
    "Poss": {
      "p": 1.0,
      "r": 0.9945155393,
      "f": 0.9972502291
    },
    "PunctSide": {
      "p": 0.995991984,
      "r": 0.994,
      "f": 0.994994995
    },
    "Case": {
      "p": 0.9367311072,
      "r": 0.9221453287,
      "f": 0.9293809939
    },
    "PrepCase": {
      "p": 0.9968152866,
      "r": 0.9720496894,
      "f": 0.9842767296
    },
    "Reflex": {
      "p": 0.9887820513,
      "r": 0.9919614148,
      "f": 0.9903691814
    },
    "Degree": {
      "p": 0.9890909091,
      "r": 0.9679715302,
      "f": 0.9784172662
    },
    "Polarity": {
      "p": 1.0,
      "r": 0.9935064935,
      "f": 0.996742671
    },
    "AdvType": {
      "p": 0.9405405405,
      "r": 0.9255319149,
      "f": 0.9329758713
    },
    "Number[psor]": {
      "p": 1.0,
      "r": 0.9428571429,
      "f": 0.9705882353
    },
    "Foreign": {
      "p": 1.0,
      "r": 1.0,
      "f": 1.0
    }
  },
  "sents_p": 0.9725703201,
  "sents_r": 0.9866183879,
  "sents_f": 0.9795439892,
  "dep_uas": 0.902429988,
  "dep_las": 0.8670807453,
  "dep_las_per_type": {
    "det": {
      "p": 0.971686153,
      "r": 0.9759479344,
      "f": 0.9738123809
    },
    "nsubj": {
      "p": 0.8686610726,
      "r": 0.87088515,
      "f": 0.8697716895
    },
    "case": {
      "p": 0.9576897246,
      "r": 0.961175519,
      "f": 0.9594294557
    },
    "amod": {
      "p": 0.9062059238,
      "r": 0.8945353289,
      "f": 0.9003328078
    },
    "nmod": {
      "p": 0.8170055453,
      "r": 0.8191686524,
      "f": 0.818085669
    },
    "mark": {
      "p": 0.8963247394,
      "r": 0.9097995546,
      "f": 0.9030118817
    },
    "acl": {
      "p": 0.7285024155,
      "r": 0.7180952381,
      "f": 0.7232613909
    },
    "advcl": {
      "p": 0.5538818076,
      "r": 0.5893958076,
      "f": 0.5710872162
    },
    "nummod": {
      "p": 0.8963093146,
      "r": 0.8994708995,
      "f": 0.8978873239
    },
    "obj": {
      "p": 0.7992819843,
      "r": 0.8152463382,
      "f": 0.807185234
    },
    "obl": {
      "p": 0.7071799308,
      "r": 0.7056538628,
      "f": 0.7064160726
    },
    "fixed": {
      "p": 0.8524822695,
      "r": 0.8088829071,
      "f": 0.8301104972
    },
    "cc": {
      "p": 0.9164941339,
      "r": 0.9127147766,
      "f": 0.914600551
    },
    "conj": {
      "p": 0.6990740741,
      "r": 0.6745373325,
      "f": 0.6865865541
    },
    "root": {
      "p": 0.9012567325,
      "r": 0.9105199516,
      "f": 0.9058646617
    },
    "flat": {
      "p": 0.8889689978,
      "r": 0.9263711495,
      "f": 0.9072847682
    },
    "xcomp": {
      "p": 0.827027027,
      "r": 0.7518427518,
      "f": 0.7876447876
    },
    "advmod": {
      "p": 0.8369074492,
      "r": 0.8359639233,
      "f": 0.8364354202
    },
    "compound": {
      "p": 0.8564814815,
      "r": 0.7429718876,
      "f": 0.7956989247
    },
    "expl:pv": {
      "p": 0.77734375,
      "r": 0.7624521073,
      "f": 0.7698259188
    },
    "cop": {
      "p": 0.9002169197,
      "r": 0.8905579399,
      "f": 0.8953613808
    },
    "ccomp": {
      "p": 0.78976234,
      "r": 0.8105065666,
      "f": 0.8
    },
    "iobj": {
      "p": 0.7651515152,
      "r": 0.5024875622,
      "f": 0.6066066066
    },
    "aux": {
      "p": 0.9515669516,
      "r": 0.9502133713,
      "f": 0.9508896797
    },
    "appos": {
      "p": 0.6671309192,
      "r": 0.6680613668,
      "f": 0.6675958188
    },
    "expl:pass": {
      "p": 0.6785714286,
      "r": 0.8216216216,
      "f": 0.7432762836
    },
    "csubj": {
      "p": 0.7204301075,
      "r": 0.7052631579,
      "f": 0.7127659574
    },
    "parataxis": {
      "p": 0.6078431373,
      "r": 0.369047619,
      "f": 0.4592592593
    },
    "expl:impers": {
      "p": 0.625,
      "r": 0.625,
      "f": 0.625
    },
    "orphan": {
      "p": 0.0,
      "r": 0.0,
      "f": 0.0
    },
    "dep": {
      "p": 0.0,
      "r": 0.0,
      "f": 0.0
    },
    "nsubj:pass": {
      "p": 0.0,
      "r": 0.0,
      "f": 0.0
    },
    "aux:pass": {
      "p": 0.0,
      "r": 0.0,
      "f": 0.0
    },
    "acl:relcl": {
      "p": 0.0,
      "r": 0.0,
      "f": 0.0
    }
  },
  "tag_acc": 0.957406023,
  "lemma_acc": 0.9623652307,
  "ents_p": 0.8894807466,
  "ents_r": 0.890422111,
  "ents_f": 0.8899511798,
  "ents_per_type": {
    "LOC": {
      "p": 0.8889614364,
      "r": 0.9001652893,
      "f": 0.8945282825
    },
    "PER": {
      "p": 0.9318181818,
      "r": 0.9470982461,
      "f": 0.9393960823
    },
    "MISC": {
      "p": 0.8280528578,
      "r": 0.7903054247,
      "f": 0.8087389209
    },
    "ORG": {
      "p": 0.8400096525,
      "r": 0.8044834758,
      "f": 0.8218628261
    }
  },
  "speed": 10428.7330066811
}